id,nombre,especialidad,email,departamento,activo
1,Dr. Carlos García,Algoritmos y IA,docente1@uni.edu,Ingeniería,True
2,Mg. Ana Rodríguez,Bases de Datos,docente2@uni.edu,Ingeniería,True
3,Dr. Luis Mendoza,Redes y Sistemas,docente3@uni.edu,Ingeniería,True
4,Mg. María Torres,Gestión Empresarial,docente4@uni.edu,Ingeniería,True
5,Dr. Jorge Quispe,Ingeniería Civil,docente5@uni.edu,Ingeniería,True
6,Mg. Rosa Huamán,Derecho,docente6@uni.edu,Ingeniería,True
7,Dr. Pedro Vargas,Medicina,docente7@uni.edu,Ingeniería,True
8,Mg. Elena Castillo,Psicología,docente8@uni.edu,Ingeniería,True
9,Dr. Roberto Silva,Arquitectura,docente9@uni.edu,Ingeniería,True
10,Mg. Carmen Flores,Contabilidad,docente10@uni.edu,Ingeniería,True
